Model,MAE,RMSE,R2
Linear Regression,471715.7735975134,581827.5601517382,0.9115864977619031
Random Forest,797481.5148632835,968590.7921325681,0.7549748362430488
